{"cameraMode":{"drawMode":0,"name":"Shaded","section":"Shading Mode"},"sceneLighting":true,"audioPlay":false,"sceneViewState":{"showFog":true,"showMaterialUpdate":false,"showSkybox":true,"showFlares":true,"showImageEffects":true,"showParticleSystems":true},"in2DMode":false,"pivot":{"x":-38.86882781982422,"y":-23.699987411499025,"z":156.03976440429688},"rotation":{"x":-0.1858982890844345,"y":0.6771940588951111,"z":-0.18297293782234193,"w":-0.6880195736885071},"size":75.79340362548828,"orthographic":false}