{"cameraMode":{"drawMode":0,"name":"Shaded","section":"Shading Mode"},"sceneLighting":true,"audioPlay":false,"sceneViewState":{"showFog":true,"showMaterialUpdate":false,"showSkybox":true,"showFlares":true,"showImageEffects":true,"showParticleSystems":true},"in2DMode":false,"pivot":{"x":-1.8146953582763672,"y":-1.778268814086914,"z":-14.99889087677002},"rotation":{"x":0.2840074896812439,"y":-0.6241344213485718,"z":0.2608565092086792,"w":0.6795218586921692},"size":27.234771728515626,"orthographic":false}